channel_name,direction,payload_keys,file,line_start,line_end
"gOS-bg-d5ccc5edf7e1",content->background,"","src/js/Grammarly-bg.js",58001,60000
"gOS-fg-d5ccc5edf7e1",background->content,"","src/js/Grammarly-bg.js",58001,60000
"skills-bg-d5ccc5edf7e1",content->background,"","src/js/Grammarly-bg.js",60001,62000
"external:changed-plan",background->content,"","src/js/Grammarly-bg.js",60001,62000
"external:changed-user",background->content,"","src/js/Grammarly-bg.js",60001,62000
"external:cleanup",background->content,"","src/js/Grammarly-bg.js",60001,62000
"external:llama-action",background->content,"","src/js/Grammarly-bg.js",60001,62000
"external:close-current-tab",background->content,"","src/js/Grammarly-bg.js",60001,62000
"external:enable-superhuman-go",background->content,"","src/js/Grammarly-bg.js",60001,62000
"cs-to-bg-rpc-1557421403805",content->background,"","src/js/Grammarly-bg.js",70001,72000
"cs-to-bg-static-capi-rpc-1668544923207",content->background,"","src/js/Grammarly-bg.js",72001,74000
"cs-to-bg-static-capi-observable-rpc-1668544923207",content->background,"","src/js/Grammarly-bg.js",72001,74000
"CODE_SPLITTING_INJECT",ui->background,"","src/js/Grammarly-bg.js",84001,86000
"CODE_SPLITTING_INJECT",background,content_script,"src/js/Grammarly-check.js",14001,14264
"frameId.request",iframe,communication,"src/js/Grammarly.js",50001,52000
"frameId.response",iframe,communication,"src/js/Grammarly.js",50001,52000
"frameId.init",iframe,communication,"src/js/Grammarly.js",50001,52000
"grammarly_message_protocol",iframe,communication,"src/js/Grammarly.js",50001,52000
"contentScript-disconnected",background,service_worker,"src/js/Grammarly.js",56001,58000
"bgSW-shutdown",background,service_worker,"src/js/Grammarly.js",56001,58000
"cs-bg-runtime",background,service_worker,"src/js/Grammarly.js",56001,58000
"bgRpc_api_launchAuthFlow",background,authentication,"src/js/Grammarly.js",58001,60000
"dismissKnowledgeHubEntry",background,knowledge_hub,"src/js/Grammarly.js",58001,60000
"replace",content_script,text_manipulation,"src/js/Grammarly.js",58001,60000
"ignore",content_script,text_manipulation,"src/js/Grammarly.js",58001,60000
"acknowledge",content_script,text_manipulation,"src/js/Grammarly.js",58001,60000
"login",content_script,authentication,"src/js/Grammarly.js",58001,60000
"signIn",content_script,authentication,"src/js/Grammarly.js",58001,60000
"signUp",content_script,authentication,"src/js/Grammarly.js",58001,60000
"add",content_script,ui_control,"src/js/Grammarly.js",58001,60000
"view",content_script,ui_control,"src/js/Grammarly.js",58001,60000
"editor",content_script,ui_control,"src/js/Grammarly.js",58001,60000
"sdui_actions",content_script,ui_control,"src/js/Grammarly.js",58001,60000
"authenticationStarted",background,authentication,"src/js/Grammarly.js",60001,62000
"connection",background,connection,"src/js/Grammarly.js",60001,62000
"environmentState",background,environment,"src/js/Grammarly.js",60001,62000
"extensionSettings",background,settings,"src/js/Grammarly.js",60001,62000
"activeTab",background,tab_control,"src/js/Grammarly.js",60001,62000
"clickToRunEnabledOnce",background,feature_control,"src/js/Grammarly.js",60001,62000
"keyboard_shortcuts",background,ui_control,"src/js/Grammarly.js",60001,62000
"alwaysAvailableAssistant",background,assistant,"src/js/Grammarly.js",60001,62000
"touchTypist",background,accessibility,"src/js/Grammarly.js",60001,62000
"citationBuilder",background,citation,"src/js/Grammarly.js",60001,62000
"siteToggle",background,site_control,"src/js/Grammarly.js",60001,62000
"update-window-size-gr",content_script,ui_control,"src/js/Grammarly.js",56001,58000
"close-popup-gr",content_script,ui_control,"src/js/Grammarly.js",56001,58000
"bgStarted",telemetry,lifecycle,"src/js/Grammarly.js",62001,64000
"bgPageStarted",telemetry,lifecycle,"src/js/Grammarly.js",62001,64000
"fetchTreatmentsFail",telemetry,error,"src/js/Grammarly.js",62001,64000
"sidePanel",telemetry,ui,"src/js/Grammarly.js",62001,64000
"popup",telemetry,ui,"src/js/Grammarly.js",62001,64000
"checkScript",telemetry,content_script,"src/js/Grammarly.js",62001,64000
"chromeContentScriptLoadError",telemetry,error,"src/js/Grammarly.js",62001,64000
"fetchUserFail",telemetry,error,"src/js/Grammarly.js",62001,64000
"oauthGetAccessToken",telemetry,authentication,"src/js/Grammarly.js",62001,64000
"personalizedInsightsConsent",telemetry,privacy,"src/js/Grammarly.js",62001,64000
"performanceCard",telemetry,performance,"src/js/Grammarly.js",62001,64000
"authAccountChooser",telemetry,authentication,"src/js/Grammarly.js",62001,64000
"onboarding",telemetry,user_flow,"src/js/Grammarly.js",62001,64000
"loginReminder",telemetry,user_flow,"src/js/Grammarly.js",62001,64000
"unhandledException",telemetry,error,"src/js/Grammarly.js",62001,64000
"unhandledRejection",telemetry,error,"src/js/Grammarly.js",62001,64000
"csInitialized",telemetry,lifecycle,"src/js/Grammarly.js",62001,64000
"extensionUpdated",telemetry,lifecycle,"src/js/Grammarly.js",62001,64000
"extensionInstall",telemetry,lifecycle,"src/js/Grammarly.js",62001,64000
"reloadNotification",telemetry,notification,"src/js/Grammarly.js",62001,64000
"frequentCookieChanges",telemetry,privacy,"src/js/Grammarly.js",62001,64000
"gdocs",telemetry,platform,"src/js/Grammarly.js",62001,64000
"canvasGdocs",telemetry,platform,"src/js/Grammarly.js",62001,64000
"autoFix",telemetry,feature,"src/js/Grammarly.js",62001,64000
"autoApply",telemetry,feature,"src/js/Grammarly.js",62001,64000
"knowledgeHub",telemetry,feature,"src/js/Grammarly.js",62001,64000
"citationBuilder",telemetry,feature,"src/js/Grammarly.js",62001,64000
"translateOnboarding",telemetry,feature,"src/js/Grammarly.js",62001,64000
"humanWritingReport",telemetry,feature,"src/js/Grammarly.js",62001,64000
"alwaysAvailableAssistant",telemetry,feature,"src/js/Grammarly.js",62001,64000
"touchTypist",telemetry,feature,"src/js/Grammarly.js",62001,64000
"agents",telemetry,feature,"src/js/Grammarly.js",62001,64000
"autocorrect",telemetry,feature,"src/js/Grammarly.js",62001,64000
"assistant",telemetry,feature,"src/js/Grammarly.js",62001,64000
"sharedAssistant",telemetry,feature,"src/js/Grammarly.js",62001,64000
"proofit",telemetry,feature,"src/js/Grammarly.js",62001,64000
"iterable",telemetry,feature,"src/js/Grammarly.js",62001,64000
"mise",telemetry,feature,"src/js/Grammarly.js",62001,64000
"alerts",telemetry,feature,"src/js/Grammarly.js",62001,64000
"authHooks",telemetry,feature,"src/js/Grammarly.js",62001,64000
"upgradeHooks",telemetry,feature,"src/js/Grammarly.js",62001,64000
"sdui",telemetry,feature,"src/js/Grammarly.js",62001,64000
"debugReports",telemetry,debug,"src/js/Grammarly.js",62001,64000
"dialectSettings",telemetry,settings,"src/js/Grammarly.js",62001,64000
"logout",telemetry,authentication,"src/js/Grammarly.js",62001,64000
"backendManagedStorage",telemetry,storage,"src/js/Grammarly.js",62001,64000
"cookiesAccessibility",telemetry,privacy,"src/js/Grammarly.js",64001,66000
"replacement",telemetry,text_processing,"src/js/Grammarly.js",64001,66000
"gOS",telemetry,platform,"src/js/Grammarly.js",64001,66000
"inkwell",telemetry,platform,"src/js/Grammarly.js",64001,66000
"auth",telemetry,authentication,"src/js/Grammarly.js",64001,66000
"connector",telemetry,integration,"src/js/Grammarly.js",64001,66000
"serviceAvailability",telemetry,monitoring,"src/js/Grammarly.js",64001,66000
"treatments",telemetry,experiments,"src/js/Grammarly.js",64001,66000
"pageIntegrationLifecycle",telemetry,lifecycle,"src/js/Grammarly.js",64001,66000
"interactionToNextPaint",telemetry,performance,"src/js/Grammarly.js",64001,66000
"getTreatment",experiments,configuration,"src/js/Grammarly-gDocs.js",6001,8000
"logTreatment",experiments,analytics,"src/js/Grammarly-gDocs.js",6001,8000
"applicationHeaders",http,configuration,"src/js/Grammarly-gDocs.js",8001,10000
"networkResponse",http,response,"src/js/Grammarly-gDocs.js",8001,10000
"hideGdocsSigninPopupMessage",ui,popup_control,"src/js/Grammarly-gDocs.js",22001,24000
"requestHost",iframe,communication,"src/js/Grammarly-gDocs.js",22001,24000
"showCard",ui,display,"src/js/Grammarly-gDocs.js",22001,24000
"openAssistant",ui,assistant,"src/js/Grammarly-gDocs.js",22001,24000
"closeAssistant",ui,assistant,"src/js/Grammarly-gDocs.js",22001,24000
"pushTextChanges",content_script,text_sync,"src/js/Grammarly-gDocs.js",22001,24000
"selectHighlight",ui,text_interaction,"src/js/Grammarly-gDocs.js",22001,24000
"syncHighlights",ui,text_sync,"src/js/Grammarly-gDocs.js",22001,24000
"getHoveredStateBehavior",ui,interaction,"src/js/Grammarly-gDocs.js",22001,24000
"openSidePanel",ui,side_panel,"src/js/Grammarly-gDocs.js",26001,28000
"setAlwaysOnAssistant",settings,assistant,"src/js/Grammarly-gDocs.js",26001,28000
"isSidePanelOpen",ui,side_panel,"src/js/Grammarly-gDocs.js",26001,28000
"alwaysOnAssistantOnOpenData",settings,assistant,"src/js/Grammarly-gDocs.js",26001,28000
"autocorrectStartSession",autocorrect,session,"src/js/Grammarly-gDocs.js",30001,32000
"autocorrectCheck",autocorrect,checking,"src/js/Grammarly-gDocs.js",30001,32000
"autocorrectOnCorrectionRejected",autocorrect,feedback,"src/js/Grammarly-gDocs.js",30001,32000
"autocorrectOnCorrectionAccepted",autocorrect,feedback,"src/js/Grammarly-gDocs.js",30001,32000
"autocorrectCloseSession",autocorrect,session,"src/js/Grammarly-gDocs.js",30001,32000
"hwrGetEncryptionKey",human_writing_report,encryption,"src/js/Grammarly-gDocs.js",32001,34000
"hwrCreateEncryptionKeys",human_writing_report,encryption,"src/js/Grammarly-gDocs.js",32001,34000
"hwrRetrieveReport",human_writing_report,data,"src/js/Grammarly-gDocs.js",32001,34000
"hwrStoreReport",human_writing_report,data,"src/js/Grammarly-gDocs.js",32001,34000
"hwrDeleteReport",human_writing_report,data,"src/js/Grammarly-gDocs.js",32001,34000
"generateHumanWritingReport",human_writing_report,generation,"src/js/Grammarly-gDocs.js",32001,34000
"getHumanWritingReportSettings",human_writing_report,settings,"src/js/Grammarly-gDocs.js",32001,34000
